degree,num_advice,num_lookup,num_fixed,lookup_bits,limb_bits,num_limbs,batch_size,window_bits,proof_time,proof_size,verify_time
17,96,12,1,16,88,3,100,4,56.599245791s,33056,20.015083ms
18,48,6,1,17,88,3,100,4,58.546402708s,16736,11.798ms
19,24,3,1,18,90,3,100,4,61.127382s,8512,6.766125ms
20,12,2,1,19,90,3,100,4,72.688734375s,4704,5.345125ms
21,6,1,1,20,88,3,100,4,84.217528875s,2496,3.600333ms
