degree,num_advice,num_lookup,num_fixed,lookup_bits,limb_bits,num_limbs,batch_size,window_bits,proof_time,proof_size,verify_time
17,89,12,1,16,88,3,100,4,20.523902161s,30976,20.769379ms
18,45,6,1,17,88,3,100,4,14.604765528s,15808,63.163377ms
19,22,3,1,18,90,3,100,4,9.98081942s,7936,9.676845ms
20,11,2,1,19,90,3,100,4,10.668871495s,4352,6.639454ms
21,6,1,1,20,88,3,100,4,13.530348447s,2496,5.640048ms
21,21,3,1,20,88,3,400,4,35.876681956s,7712,8.85568ms
